id,name,name_pt,ek_level,family,template,animation,tint,grade,hp_mult,dmg_mult,resists
rd_goblin,Goblin,Goblin,2,Goblins,il_goblin,fantasycore:goblin,,normal,0.82,1.18,fire_resist:3
rd_goblin_warrior,Goblin Warrior,Goblin Guerreiro,3,Goblins,il_goblin,fantasycore:goblin,rust,normal,0.76,1.05,fire_resist:8
rd_goblin_spearman,Goblin Spearman,Goblin Lanceiro,3,Goblins,il_goblin_runner,fantasycore:goblin_runner,,normal,0.60,0.83,fire_resist:3
rd_goblin_guardian,Goblin Shieldbearer,Goblin Escudeiro,4,Goblins,il_goblin,fantasycore:goblin_elite,,normal,0.79,1.21,fire_resist:8
rd_goblin_sergeant,Goblin Captain,Capitão Goblin,4,Goblins,il_goblin,fantasycore:goblin_elite,gold,normal,0.87,1.04,fire_resist:8
rd_goblin_beastlord,Goblin Houndmaster,Goblin Mestre dos Cães,6,Goblins,il_goblin,fantasycore:goblin_elite,shadow,normal,0.74,1.07,fire_resist:8
rd_goblin_firedancer,Goblin Pyromaniac,Goblin Piromaníaco,6,Goblins,il_goblin_runner,fantasycore:goblin_runner,fire,normal,1.09,0.60,fire_resist:40
rd_goblin_firelord,Goblin Flamecaller,Goblin Invocador das Chamas,8,Goblins,il_goblin,fantasycore:goblin_elite,fire,elite,1.80,1.20,fire_resist:67
rd_goblin_king,Goblin Warboss,Chefe de Guerra Goblin,10,Goblins,il_goblin,fantasycore:goblin_elite,royal,boss,4.00,1.50,fire_resist:17
rd_imp,Imp,Diabrete,6,Demons,il_goblin_runner,fantasycore:goblin_runner,blood,normal,0.70,0.92,fire_resist:67;ice_resist:-17
rd_orc_grunt,Orc Recruit,Orc Recruta,2,Orcs,il_hobgoblin,empyrean_campaign:hobgoblin,orc,normal,0.83,1.42,dark_resist:13
rd_orc_warrior,Orc Warrior,Orc Guerreiro,4,Orcs,il_hobgoblin,empyrean_campaign:hobgoblin,,normal,0.83,1.06,dark_resist:13
rd_orc_archer,Orc Archer,Orc Arqueiro,6,Orcs,il_hobgoblin_archer,empyrean_campaign:hobgoblin_archer,orc,normal,0.60,0.93,dark_resist:30
rd_orc_elite,Orc Veteran,Orc Veterano,7,Orcs,il_hobgoblin,empyrean_campaign:hobgoblin,rust,normal,0.76,0.77,dark_resist:33
rd_orc_shooter,Orc Crossbowman,Orc Besteiro,8,Orcs,il_hobgoblin_archer,empyrean_campaign:hobgoblin_archer,shadow,normal,0.60,1.15,dark_resist:53
rd_orc_trooper,Orc Raider,Orc Saqueador,10,Orcs,il_hobgoblin,empyrean_campaign:hobgoblin,steel,normal,0.89,0.82,dark_resist:53
rd_orc_commander,Orc Captain,Capitão Orc,11,Orcs,il_hobgoblin,empyrean_campaign:hobgoblin,blood,elite,2.31,1.20,dark_resist:50;fire_resist:8;ice_resist:7
rd_orc_king,Orc Overlord,Senhor dos Orcs,11,Orcs,il_hobgoblin,empyrean_campaign:hobgoblin,royal,boss,4.00,1.50,dark_resist:50;fire_resist:8;ice_resist:7
rd_hobgoblin,Hobgoblin,Hobgoblin,8,Hobgoblins,il_hobgoblin,empyrean_campaign:hobgoblin,,normal,0.77,0.99,ice_resist:13;lightning_resist:7
rd_ice_shaman,Frost Hexer,Bruxo da Geada,10,Hobgoblins,il_hobgoblin_archer,empyrean_campaign:hobgoblin_archer,ice,normal,0.70,0.66,dark_resist:7;fire_resist:7;ice_resist:27;lightning_resist:7
rd_dragon_priest,Wyrm Cultist,Cultista do Dragão,14,Hobgoblins,il_hobgoblin_archer,empyrean_campaign:hobgoblin_archer,crimson,normal,1.29,0.60,dark_resist:7;fire_resist:67;ice_resist:67;lightning_resist:7
rd_ice_warlord,Frost Tyrant,Tirano da Geada,15,Hobgoblins,il_hobgoblin,empyrean_campaign:hobgoblin,ice,elite,2.42,1.24,dark_resist:17;fire_resist:8;ice_resist:40;lightning_resist:17
rd_demon,Demon,Demônio,10,Demons,il_hobgoblin,empyrean_campaign:hobgoblin,blood,normal,1.05,1.15,fire_resist:67;ice_resist:-17
rd_ice_demon,Frost Fiend,Demônio da Geada,11,Demons,il_hobgoblin,empyrean_campaign:hobgoblin,frost,normal,0.82,0.80,fire_resist:-17;ice_resist:67
rd_skeleton,Skeleton,Esqueleto,4,Skeletons,il_skeleton_knight,fantasycore:skeleton_weak,,normal,0.83,1.06,dark_resist:60
rd_skeletal_warrior,Skeletal Warrior,Esqueleto Guerreiro,7,Skeletons,il_skeleton_knight,fantasycore:skeleton,,normal,0.76,0.84,dark_resist:60
rd_skeletal_archer,Skeletal Archer,Esqueleto Arqueiro,7,Skeletons,il_skeleton_archer,fantasycore:skeleton_archer,,normal,0.60,1.13,dark_resist:60
rd_skeletal_evoker,Bone Conjurer,Conjurador de Ossos,8,Skeletons,il_skeleton_mage_ice,fantasycore:skeleton_mage,arcane,normal,0.68,0.89,dark_resist:60
rd_skeletal_champion,Bone Champion,Campeão de Ossos,10,Skeletons,il_skeleton_knight,fantasycore:skeleton,blessed,normal,1.30,0.93,dark_resist:60
rd_skeletal_warlord,Bone Warlord,Senhor dos Ossos,12,Skeletons,il_skeleton_knight,empyrean_campaign:skeleton_knight_boss,,elite,2.25,1.20,dark_resist:60;ice_resist:23
rd_fallen_dragoon,Cursed Lancer,Lanceiro Amaldiçoado,13,Skeletons,il_skeleton_knight,fantasycore:skeleton,dusk,normal,1.19,0.74,dark_resist:60;fire_resist:75;ice_resist:-33
rd_fallen_hero,Forsaken Knight,Cavaleiro Renegado,14,Skeletons,il_skeleton_knight,fantasycore:skeleton,gold,normal,1.51,0.95,dark_resist:60
rd_giant_skeleton,Colossal Skeleton,Esqueleto Colossal,16,Skeletons,il_skeleton_knight,empyrean_campaign:skeleton_knight_boss,bone,boss,4.00,1.50,dark_resist:75
rd_ghoul,Ghoul,Carniçal,6,Zombies,il_zombie,fantasycore:zombie,ghoul,normal,0.78,1.18,dark_resist:50;fire_resist:-17
rd_mummy,Mummy,Múmia,6,Zombies,il_zombie,fantasycore:zombie,mummy,normal,0.78,1.18,dark_resist:50;fire_resist:-17
rd_beheaded_one,Headless Wretch,Desgraçado sem Cabeça,9,Zombies,il_zombie,empyrean_campaign:zombie_dark,,normal,0.73,0.72,dark_resist:75
rd_ancient_mummy,Ancient Mummy,Múmia Anciã,9,Zombies,il_zombie,fantasycore:zombie,ancient,normal,1.29,0.94,dark_resist:75;fire_resist:-7;ice_resist:13;lightning_resist:13
rd_ghost,Ghost,Fantasma,5,Ghosts,il_zombie,fantasycore:zombie,ghost,normal,0.60,0.92,dark_resist:33;fire_resist:-8;ice_resist:-8;lightning_resist:-13
rd_librarian,Haunted Scribe,Escriba Assombrado,8,Ghosts,il_zombie,fantasycore:zombie,spectral,normal,0.77,0.75,dark_resist:33;fire_resist:-7;ice_resist:-7;lightning_resist:-10
rd_blood_wraith,Crimson Wraith,Espectro Carmesim,14,Ghosts,il_zombie,empyrean_campaign:zombie_dark,wraith,normal,0.94,1.06,dark_resist:67;fire_resist:-20;ice_resist:-20;lightning_resist:-27
rd_death_knight,Death Knight,Cavaleiro da Morte,14,Ghosts,il_skeleton_knight,fantasycore:skeleton,deathknight,elite,1.80,1.20,dark_resist:33;fire_resist:-17;ice_resist:-17;lightning_resist:-27
rd_mirmek_hatchling,Sand Crawler Larva,Larva Rastejadora,2,Crawlers,il_antlion_hatchling,fantasycore:antlion_small,,normal,0.96,1.57,dark_resist:-13
rd_mirmek,Sand Crawler,Rastejador das Areias,4,Crawlers,il_antlion,fantasycore:antlion,,normal,0.83,1.00,dark_resist:-13
rd_fire_mirmek,Ember Crawler,Rastejador de Brasa,6,Crawlers,il_antlion_fire,fantasycore:fire_ant,,normal,0.78,1.08,dark_resist:-13;fire_resist:10;ice_resist:-10
rd_mirmek_queen,Crawler Matriarch,Matriarca Rastejadora,10,Crawlers,il_antlion,empyrean_campaign:antlion_armored,royal,boss,4.00,1.50,dark_resist:-13
rd_inori_spider,Dune Spider,Aranha das Dunas,3,Spiders,il_antlion_hatchling,fantasycore:antlion_small,sand,normal,0.88,1.91,lightning_resist:-10
rd_giant_spider,Giant Spider,Aranha Gigante,6,Spiders,il_antlion_hatchling,fantasycore:antlion_small,shadow,normal,0.83,1.29,dark_resist:33;lightning_resist:-10
rd_bloodcrawler,Blood Spider,Aranha Sanguínea,6,Spiders,il_antlion_hatchling,fantasycore:antlion_small,blood,normal,0.63,1.21,lightning_resist:-23
rd_monstruous_spider,Venom Weaver,Tecelã Venenosa,9,Spiders,il_antlion,fantasycore:antlion,venom,normal,0.85,1.21,dark_resist:75;lightning_resist:-10
rd_minotaur,Minotaur,Minotauro,8,Minotaurs,minotaur,fantasycore:minotaur,,normal,1.07,0.91,dark_resist:23;ice_resist:23
rd_minotaur_raider,Minotaur Raider,Minotauro Saqueador,9,Minotaurs,minotaur,fantasycore:minotaur,rust,normal,1.10,0.81,dark_resist:23;ice_resist:23
rd_minotaur_oracle,Minotaur Seer,Vidente Minotauro,12,Minotaurs,minotaur_caster,fantasycore:minotaur,arcane,normal,1.20,0.62,dark_resist:23;ice_resist:23
rd_minotaur_lord,Minotaur Chieftain,Chefe Minotauro,11,Minotaurs,minotaur,fantasycore:minotaur,gold,normal,1.41,0.89,dark_resist:23;fire_resist:7;ice_resist:23;lightning_resist:7
rd_minotaur_warlord,Minotaur Warchief,Cacique Minotauro,13,Minotaurs,minotaur,fantasycore:minotaur,blood,elite,2.46,1.20,dark_resist:23;fire_resist:7;ice_resist:23;lightning_resist:7
rd_minotaur_royal_guard,Minotaur Sentinel,Sentinela Minotauro,14,Minotaurs,minotaur,fantasycore:minotaur,steel,normal,1.46,0.89,dark_resist:23;fire_resist:7;ice_resist:23;lightning_resist:7
rd_ashen_minotaur,Cinderhorn,Chifre-de-Brasa,16,Minotaurs,minotaur,fantasycore:minotaur,ashen,normal,1.64,0.91,dark_resist:23;fire_resist:10;ice_resist:23;lightning_resist:7
rd_ashen_oracle,Cinder Seer,Vidente das Brasas,16,Minotaurs,minotaur_caster,fantasycore:minotaur,ashen,normal,1.44,0.68,dark_resist:23;fire_resist:10;ice_resist:23
rd_ashen_warlord,Cinderhorn Tyrant,Tirano Chifre-de-Brasa,18,Minotaurs,minotaur,fantasycore:minotaur,ashen,boss,4.00,1.50,dark_resist:33;fire_resist:13;ice_resist:33;lightning_resist:7
rd_abyss_demon,Pit Fiend,Demônio do Poço,14,Demons,minotaur,fantasycore:minotaur,infernal,elite,1.80,1.78,fire_resist:75;ice_resist:-17
rd_fire_drake,Fire Drake,Draco de Fogo,10,Drakes,il_wyvern_fire,fantasycore:wyvern_fire,,normal,1.30,1.15,fire_resist:75;ice_resist:-8
rd_ice_drake,Ice Drake,Draco de Gelo,10,Drakes,il_wyvern_ice,fantasycore:wyvern_water,,normal,1.30,1.15,fire_resist:-8;ice_resist:75
rd_green_dragon,Green Dragon,Dragão Verde,16,Dragons,il_wyvern,fantasycore:wyvern,venom,boss,4.00,1.80,dark_resist:75;fire_resist:17;ice_resist:17;lightning_resist:17
rd_red_dragon,Red Dragon,Dragão Vermelho,18,Dragons,il_wyvern_fire,fantasycore:wyvern_fire,blood,boss,4.00,1.79,fire_resist:75;ice_resist:-10;lightning_resist:33
