id,name,people,biome,music,enemies,boss
aurora,Vale da Aurora,Humanos,meadow,overworld_theme,rd_goblin;rd_mirmek_hatchling;rd_skeleton;rd_inori_spider;rd_orc_grunt,
bosque,Bosque Sombrio,Goblins,darkwood,forest_theme,rd_goblin;rd_goblin_warrior;rd_goblin_spearman;rd_goblin_guardian;rd_goblin_sergeant;rd_goblin_beastlord;rd_goblin_firedancer;rd_giant_spider,rd_goblin_king
pantano,Pântano dos Lamentos,Mortos-vivos,swamp,unrest_theme,rd_skeleton;rd_skeletal_warrior;rd_skeletal_archer;rd_ghoul;rd_mummy;rd_ghost;rd_beheaded_one;rd_librarian;rd_death_knight,rd_giant_skeleton
dunas,Dunas de Âmbar,Rastejadores e aranhas,desert,wind_ambient,rd_mirmek_hatchling;rd_mirmek;rd_fire_mirmek;rd_inori_spider;rd_giant_spider;rd_bloodcrawler;rd_monstruous_spider;rd_ancient_mummy,rd_mirmek_queen
rubras,Terras Rubras,Orcs,badlands,battle_theme,rd_orc_grunt;rd_orc_warrior;rd_orc_archer;rd_orc_elite;rd_orc_shooter;rd_orc_trooper;rd_hobgoblin;rd_orc_commander,rd_orc_king
arcano,Bosque Arcano,Magos,arcane,magical_theme,rd_skeletal_evoker;rd_librarian;rd_imp;rd_minotaur_oracle;rd_ghost;rd_dragon_priest;rd_goblin_firelord,
planalto,Planalto Cinzento,Minotauros,ashen,battle_theme,rd_minotaur;rd_minotaur_raider;rd_minotaur_oracle;rd_minotaur_lord;rd_minotaur_royal_guard;rd_ashen_minotaur;rd_ashen_oracle;rd_minotaur_warlord,rd_ashen_warlord
geleira,Geleira Uivante,Hobgoblins do gelo,glacier,wind_ambient,rd_ice_shaman;rd_ice_demon;rd_ice_drake;rd_hobgoblin;rd_skeletal_champion;rd_ice_warlord,rd_ice_warlord
vulcao,Ermos Vulcânicos,Demônios e dracos,volcanic,boss_theme,rd_demon;rd_imp;rd_fire_drake;rd_abyss_demon;rd_blood_wraith;rd_fallen_dragoon;rd_fallen_hero,rd_red_dragon
